Date,Open,High,Low,Close,Volume
2021-05-06,29024.01,29429.81,28966.47,29331.37,943036000
2021-05-07,29330.45,29449.86,29238.31,29357.82,675495300
2021-05-10,29376.89,29684.18,29350.35,29518.34,662982700
2021-05-11,29518.34,29518.34,28536.25,28608.59,731699500
2021-05-12,28608.59,28831.03,27889.82,28147.51,899923800
2021-05-13,28147.51,28223.3,27387.95,27448.01,804892100
2021-05-14,27462.6,28138.45,27448.01,28084.47,735398700
2021-05-17,28084.47,28311.16,27636.26,27824.83,638821700
2021-05-18,27800.96,28480.98,27800.96,28406.84,746557500
2021-05-19,28031.22,28215.66,27847.26,28044.45,686804800
2021-05-20,27875.5,28175.78,27833.41,28098.25,568200800
2021-05-21,28269.61,28411,28193.67,28317.83,586643900
2021-05-24,28212.32,28584.18,28212.32,28364.61,546708800
2021-05-25,28516.99,28576.41,28443.74,28553.98,539910400
2021-05-26,28396.62,28706.01,28396.62,28642.19,641630100
2021-05-27,28543.32,28586.66,28360.56,28549.01,1382062500
2021-05-28,28549.01,29194.11,28497.29,29149.41,805702000
2021-05-31,29019.45,29147.71,28791.6,28860.08,537879900
2021-06-01,28885.62,29075.47,28611.25,28814.34,473769700
2021-06-02,28792.51,29003.47,28565.83,28946.14,710023800
2021-06-03,28946.14,29152.9,28879.15,29058.11,585365100
2021-06-04,28901.42,28991.24,28765.54,28941.52,557890400
2021-06-07,28941.52,29238.48,28941.52,29019.24,509560300
2021-06-08,29046.03,29140.68,28897.72,28963.56,504183500
2021-06-09,28901.56,28930.85,28807.48,28860.8,503981200
2021-06-10,28799.74,29007.53,28799.74,28958.56,533387000
2021-06-11,29030.04,29080.89,28839.54,28948.73,710664400
2021-06-14,29153.11,29205.18,29027.26,29161.8,450302500
2021-06-15,29256.03,29480.85,29235.71,29441.3,530408900
2021-06-16,29306.14,29434.1,29263.72,29291.01,524099600
2021-06-17,29149.34,29195,28876.4,29018.33,568703600
2021-06-18,29136.74,29136.74,28957.98,28964.08,902160800
2021-06-21,28013.38,28015.79,27796.4,28010.93,758195300
2021-06-22,28513.07,28895.26,28495.26,28884.13,677734000
2021-06-23,28886.92,29007.83,28860.21,28874.89,510549800
2021-06-24,28811.82,28935.34,28758.37,28875.23,446190900
2021-06-25,29137.3,29174.17,28993.33,29066.18,515614400
2021-06-28,29112.66,29120.11,28984.93,29048.02,476817700
2021-06-29,28927.44,28950.5,28735.64,28812.61,597270300
2021-06-30,28896.31,28998.99,28779.76,28791.53,539680600
2021-07-01,28832.41,28832.61,28624.8,28707.04,458889900
2021-07-02,28719.24,28849.32,28688.63,28783.28,474716900
2021-07-05,28662.99,28665.92,28588.07,28598.19,384614400
2021-07-06,28677.95,28748.23,28587.61,28643.21,417423500
2021-07-07,28262.4,28434.99,28163.6,28366.95,603361100
2021-07-08,28332.63,28366.76,28118.03,28118.03,622200000
2021-07-09,27739.42,27999.59,27419.4,27940.42,823228300
2021-07-12,28412.7,28594.85,28411.04,28569.02,555422500
2021-07-13,28713.82,28852.31,28699.58,28718.24,497931900
2021-07-14,28517.31,28696.8,28482.82,28608.49,548272800
2021-07-15,28539.32,28571.72,28241.39,28279.09,532038800
2021-07-16,28039.26,28200,27847.35,28003.08,503831500
2021-07-19,27663.4,27792.52,27494.14,27652.74,498791000
2021-07-20,27351.8,27564.52,27330.24,27388.16,630098800
2021-07-21,27747.06,27880.34,27440.02,27548,514113600
2021-07-26,27990.47,28036.47,27789.35,27833.29,545421000
2021-07-27,27911.93,28036.2,27862.69,27970.22,516997200
2021-07-28,27674.99,27809.86,27466.99,27581.66,570860800
2021-07-29,27722.61,27798.05,27663.41,27782.42,677832300
2021-07-30,27677.89,27699.35,27272.49,27283.59,706422900
2021-08-02,27493.32,27834.41,27493.32,27781.02,600886700
2021-08-03,27580.03,27723.94,27492.4,27641.83,579446000
2021-08-04,27612.9,27636.32,27489.5,27584.08,675054200
2021-08-05,27526.67,27740.88,27526.67,27728.12,559202500
2021-08-06,27709.22,27888.87,27709.22,27820.04,563739200
2021-08-10,27887.03,28128.07,27808.54,27888.15,614308700
2021-08-11,28045.84,28145.2,27975.25,28070.51,671465300
2021-08-12,28177.2,28279.72,28006.69,28015.02,579364800
2021-08-13,28038.96,28069.67,27949.33,27977.15,558181400
2021-08-16,27806.11,27833.21,27429.12,27523.19,571879600
2021-08-17,27666.94,27750.39,27424.47,27424.47,495698500
2021-08-18,27418.08,27668.34,27347.77,27585.91,500506700
2021-08-19,27398.58,27504.8,27258.88,27281.17,651283500
2021-08-20,27238.45,27316.28,26956.17,27013.25,758033700
2021-08-23,27193.1,27541.63,27193.1,27494.24,567821600
2021-08-24,27653.23,27817.89,27653.23,27732.1,570723200
2021-08-25,27768.13,27897.61,27684.89,27724.8,514638700
2021-08-26,27793.63,27827.87,27684.5,27742.29,484909500
2021-08-27,27581.24,27670.16,27481.62,27641.14,492117000
2021-08-30,27867.6,27918.74,27656.63,27789.29,586304400
2021-08-31,27690.77,28158.5,27602.21,28089.54,758539300
2021-09-01,28179.04,28454.43,28179.04,28451.02,648036200
2021-09-02,28522.46,28626.2,28412.91,28543.51,601424400
2021-09-03,28626.48,29149.65,28607.87,29128.11,748758400
2021-09-06,29501.22,29704.42,29469.35,29659.89,682786200
2021-09-07,29883.92,30047.92,29838.43,29916.14,751542000
2021-09-08,29819.55,30241.87,29790.91,30181.21,825313500
2021-09-09,29959.21,30097.19,29909.92,30008.19,788045400
2021-09-10,30089.45,30381.84,30064.02,30381.84,888238900
2021-09-13,30372.02,30447.37,30230.67,30447.37,646296200
2021-09-14,30584.77,30795.78,30505.93,30670.1,790954300
2021-09-15,30408.13,30573.41,30347.3,30511.71,685556300
2021-09-16,30606.15,30622.39,30205.99,30323.34,698636700
2021-09-17,30491.58,30540.5,30453.49,30500.05,978602700
2021-09-21,30021.25,30051,29832.52,29839.71,763112500
2021-09-22,29744.73,29866.14,29573.88,29639.4,689911900
2021-09-24,30141.61,30276.38,30110.89,30248.81,845845200
2021-09-27,30277.82,30414.61,30197.4,30240.06,746356400
2021-09-28,30142.38,30206.76,30005.77,30183.96,898059700
2021-09-29,29611.92,29676.37,29332.29,29544.29,946521600
2021-09-30,29569.19,29622.27,29311.34,29452.66,990270300
2021-10-01,29235.11,29393.67,28680.73,28771.07,821613800
2021-10-04,29044.47,29044.47,28344.77,28444.89,764007300
2021-10-05,28050.39,28058.67,27460.66,27822.12,881941200
2021-10-06,28033.91,28209.82,27293.62,27528.87,1001882800
2021-10-07,27911.36,28015.11,27641.13,27678.21,795512000
2021-10-08,28031.37,28319.42,28020.44,28048.94,826656700
2021-10-11,27977.57,28581.36,27899.66,28498.2,722981600
2021-10-12,28458.88,28468.88,28166.38,28230.61,663191200
2021-10-13,28085.44,28364.99,27993.46,28140.28,639333000
2021-10-14,28264.41,28576.53,28235.87,28550.93,647531500
2021-10-15,28787.26,29082.35,28726.22,29068.63,663478700
2021-10-18,29093.82,29144.33,28925.32,29025.46,625648900
2021-10-19,29117.28,29272.49,29076.34,29215.52,576447900
2021-10-20,29385.95,29489.11,29222.32,29255.55,661082500
2021-10-21,29152.74,29220.72,28689.05,28708.58,591458200
2021-10-22,28578.53,28989.5,28547.24,28804.85,602059200
2021-10-25,28527.13,28666.2,28473.26,28600.41,626679600
2021-10-26,28927.61,29160.76,28895.79,29106.01,727762800
2021-10-27,29056.01,29139.22,28870.25,29098.24,705990000
2021-10-28,28871.61,28894.52,28700.79,28820.09,1428089200
2021-10-29,28819.16,29000.24,28475.06,28892.69,1044784500
2021-11-01,29330.68,29664.59,29271.03,29647.08,767309500
2021-11-02,29462.4,29599.39,29457.18,29520.9,711160900
2021-11-04,29859.74,29880.81,29718.78,29794.37,903998300
2021-11-05,29840.73,29840.73,29505.42,29611.57,735077300
2021-11-08,29735.45,29735.45,29507.05,29507.05,683466600
2021-11-09,29557.55,29750.38,29240.31,29285.46,650448400
2021-11-10,29207.7,29289.22,29080.52,29106.78,638903500
2021-11-11,29093.16,29331.74,29081.72,29277.86,605676800
2021-11-12,29381.45,29660.78,29277.86,29609.97,684044500
2021-11-15,29609.97,29861.88,29609.97,29776.8,604251200
2021-11-16,29749.71,29958.66,29681.25,29808.12,619847600
2021-11-17,29906.68,29908.59,29623.79,29688.33,639044800
2021-11-18,29597.93,29715.67,29403.4,29598.66,654090200
2021-11-19,29641.05,29768.54,29593.26,29745.87,655733600
2021-11-22,29618.55,29804.24,29542.29,29774.11,587707900
2021-11-24,29663.45,29751.85,29212.93,29302.66,695303700
2021-11-25,29469.65,29567.81,29444.54,29499.28,507120000
2021-11-26,29324.47,29332.99,28606.57,28751.62,728745800
2021-11-29,28337.96,28776.34,28187.12,28283.92,859116700
2021-11-30,28611.73,28718.7,27819.14,27821.76,1406636200
2021-12-01,27866.73,28106.24,27594.01,27935.62,808761700
2021-12-02,27716.2,27935.73,27644.96,27753.37,774195800
2021-12-03,27841.05,28029.57,27589.74,28029.57,719085400
2021-12-06,28069.96,28069.96,27693.91,27927.37,616864600
2021-12-07,28138.82,28617.71,27961.66,28455.6,782685100
2021-12-08,28792.89,28897.22,28621.47,28860.62,719881000
2021-12-09,28827.32,28908.29,28725.47,28725.47,543774000
2021-12-10,28542.5,28699.01,28393.78,28437.77,633615900
2021-12-13,28705.26,28793.32,28593.45,28640.49,535380800
2021-12-14,28554.86,28672.96,28311.26,28432.64,552497200
2021-12-15,28393.87,28515.25,28393.87,28459.72,558775700
2021-12-16,28868.37,29066.42,28782.37,29066.32,602662100
2021-12-17,28893.67,28904.94,28507.56,28545.68,844498000
2021-12-20,28325.46,28432.51,27893.18,27937.81,651767400
2021-12-21,28309.6,28533.74,28226.43,28517.59,557818000
2021-12-22,28614.06,28672.99,28474.02,28562.21,446534600
2021-12-23,28693.52,28798.37,28640.15,28798.37,435638200
2021-12-24,28836.05,28870.13,28773.5,28782.59,359085100
2021-12-27,28786.33,28805.03,28661.37,28676.46,374872200
2021-12-28,28953.32,29119.26,28881.44,29069.16,470404100
2021-12-29,28995.73,29106.07,28729.61,28906.88,447112200
2021-12-30,28794.24,28904.32,28579.49,28791.71,403887100
2022-01-04,29098.41,29323.79,28954.56,29301.79,660373200
2022-01-05,29288.8,29387.92,29204.45,29332.16,786258200
2022-01-06,29136.75,29158.95,28487.87,28487.87,715910200
2022-01-07,28711.53,28811,28293.7,28478.56,751712100
2022-01-11,28380.9,28471.73,28091.15,28222.48,737064600
2022-01-12,28449.53,28814.31,28430.35,28765.66,725477800
2022-01-13,28658.22,28660.45,28447.74,28489.13,698810800
2022-01-14,28246.99,28252.96,27890.69,28124.28,820674500
2022-01-17,28332.72,28449.18,28274.18,28333.52,544800000
2022-01-18,28451.34,28689.25,28131.21,28257.25,713133300
2022-01-19,27928.89,27958.17,27322.22,27467.23,842984000
2022-01-20,27401.43,27879.19,27218.78,27772.93,740209600
2022-01-21,27404.36,27586.42,27130.7,27522.26,727499500
2022-01-24,27258.45,27627.47,27203.5,27588.37,610186800
2022-01-25,27466.82,27488.13,26892.36,27131.34,769682100
2022-01-26,27105.98,27184.54,26858.68,27011.33,604684500
2022-01-27,27139.88,27187.97,26046.37,26170.3,887380500
2022-01-28,26429.85,26764.85,26289.69,26717.34,759867900
2022-01-31,26690.6,27133.38,26542.08,27001.98,782876300
2022-02-01,27167.14,27408.36,27017.57,27078.48,811318600
2022-02-02,27302.99,27564.62,27289.16,27533.6,852103800
2022-02-03,27330.96,27357.33,27166.2,27241.31,810742700
2022-02-04,27095.9,27455.98,27076.38,27439.99,796059900
2022-02-07,27327.63,27354.07,27088.1,27248.87,770960800
2022-02-08,27318.3,27461.33,27280.63,27284.52,766026900
2022-02-09,27488.65,27632.77,27405.88,27579.87,934778900
2022-02-10,27818.1,27877.02,27575.07,27696.08,828744300
2022-02-14,27305.92,27325.5,26949.79,27079.59,797744600
2022-02-15,27183.56,27205.2,26727.97,26865.19,761722300
2022-02-16,27269.05,27483.37,27227.24,27460.4,641243300
2022-02-17,27431.42,27437.57,27082.02,27232.87,677823700
2022-02-18,26895.16,27215.31,26792.86,27122.07,635334000
2022-02-21,26771.58,26993.09,26549,26910.87,529035600
2022-02-22,26515.45,26550.1,26246.27,26449.61,673108800
2022-02-24,26281.35,26357.58,25776.15,25970.82,935360800
2022-02-25,26213.2,26481.53,26162.81,26476.5,775798600
2022-02-28,26457.52,26643.68,26262.63,26526.82,910557100
2022-03-01,26836.74,27013.26,26821.75,26844.72,740236100
2022-03-02,26532.2,26585.3,26313.72,26393.03,877107100
2022-03-03,26628.87,26702.53,26502.5,26577.27,747893100
2022-03-04,26421.85,26421.85,25777.45,25985.47,935295900
2022-03-07,25634.09,25634.09,25006.26,25221.41,1053767500
2022-03-08,24974.35,25286.27,24769.52,24790.95,1147420200
2022-03-09,24876.49,25084.08,24697.66,24717.53,915253100
2022-03-10,25108.47,25719.74,25101.72,25690.4,952294400
2022-03-11,25495.03,25500.69,24966.5,25162.78,895950900
2022-03-14,25338.64,25629.26,25299.64,25307.85,725829100
2022-03-15,25228.53,25440.23,25221.26,25346.48,732023700
2022-03-16,25574.9,25824.14,25471.69,25762.01,823423000
2022-03-17,26170.38,26701.63,26152.89,26652.89,896413400
2022-03-18,26649.5,26862.43,26592.98,26827.43,1081821100
2022-03-22,27091.32,27284.47,27076.41,27224.11,979853700
2022-03-23,27606.79,28056.2,27604.37,28040.16,882008300
2022-03-24,27693.77,28110.39,27626.47,28110.39,716043300
2022-03-25,28338.81,28338.81,27947.75,28149.84,674027100
2022-03-28,28084.08,28084.08,27814.51,27943.89,652997500
2022-03-29,28173.43,28252.42,28063.92,28252.42,777009000
2022-03-30,28250.8,28271.01,27736.27,28027.25,834484000
2022-03-31,28050.5,28070.02,27808.17,27821.43,786423200
2022-04-01,27624.11,27734.54,27399.48,27665.98,667539000
2022-04-04,27670.45,27738.23,27626.77,27736.47,503455500
2022-04-05,27708.56,27809.34,27670.37,27787.98,642995100
2022-04-06,27533.88,27546.9,27215.2,27350.3,686520300
2022-04-07,27032.42,27042.18,26801.79,26888.57,711294300
2022-04-08,27097.05,27185.23,26764.36,26985.8,780646000
2022-04-11,26877.6,27004.5,26720.46,26821.52,734513100
2022-04-12,26453.37,26470.98,26304.08,26334.98,753175200
2022-04-13,26436.06,26885.87,26429.47,26843.49,716291100
2022-04-14,26925.64,27200.89,26890.68,27172,618415600
2022-04-15,26932.48,27201.17,26784.92,27093.19,515466300
2022-04-18,26831.45,26848.89,26571.38,26799.71,483498700
2022-04-19,27096.49,27098.86,26780.75,26985.09,605066600
2022-04-20,27210.79,27389.04,27066.18,27217.85,723363200
2022-04-21,27259.14,27580.64,27252.83,27553.06,623401300
2022-04-22,27197.8,27205.83,26908.35,27105.26,584653800
2022-04-25,26692.48,26764.48,26487.84,26590.78,626818200
2022-04-26,26743.21,26808.99,26590.78,26700.11,643276100
2022-04-27,26313.14,26406.62,26051.04,26386.63,973009600
2022-04-28,26430.28,26872.5,26349.28,26847.9,867037100
2022-05-02,26851.1,26964.59,26610.86,26818.53,745258500
2022-05-06,26784.29,27072.41,26543.29,27003.56,984983600
2022-05-09,26475.16,26497.36,26309.22,26319.34,795316200
2022-05-10,26149.06,26245.8,25776.74,26167.1,807620300
2022-05-11,26045.38,26290.21,26003.26,26213.64,858644900
2022-05-12,25945.04,26028.36,25688.11,25748.72,911681400
2022-05-13,25918.8,26479.93,25913.49,26427.65,1038081800
2022-05-16,26753.37,26836.96,26438.61,26547.05,869875300
2022-05-17,26555.23,26709.26,26442.91,26659.75,789287100
2022-05-18,26826.82,27053.18,26741.34,26911.2,746712900
2022-05-19,26435.32,26458.09,26186.66,26402.84,745043500
2022-05-20,26448.23,26769.2,26426.99,26739.03,763407800
2022-05-23,26991.42,27047.47,26832.65,27001.52,650270400
2022-05-24,27005.43,27005.43,26736.01,26748.14,674413300
2022-05-25,26711.53,26795.89,26578.05,26677.8,723401500
2022-05-26,26685.02,26895.9,26598.74,26604.84,645123400
2022-05-27,26947.8,26996.7,26731.6,26781.68,693125000
2022-05-30,27092.82,27401.24,27057.7,27369.43,969579000
2022-05-31,27318.09,27456.68,27250.7,27279.8,1417868500
2022-06-01,27295.63,27481.94,27295.63,27457.89,757603900
2022-06-02,27340.52,27450.47,27251.24,27413.88,636439200
2022-06-03,27660.62,27776.33,27614.86,27761.57,636778500
2022-06-06,27549.64,27979.54,27525.48,27915.89,567646500
2022-06-07,27984.79,28094.73,27863.71,27943.95,682518100
2022-06-08,28100.26,28234.29,28090.41,28234.29,786796900
2022-06-09,28189.35,28389.42,28189.35,28246.53,803036000
2022-06-10,27996.35,28044.45,27795.17,27824.29,797495200
2022-06-13,27369.66,27388.46,26949.6,26987.44,713586400
2022-06-14,26555.75,26656.04,26358.42,26629.86,750146000
2022-06-15,26625.68,26637.19,26321.68,26326.16,727413700
2022-06-16,26715.52,26947.7,26431.2,26431.2,678269900
2022-06-17,25988.2,26072.35,25726.12,25963,1152110900
2022-06-20,26156.62,26156.62,25520.23,25771.22,721764700
2022-06-21,26070.92,26418.64,25981.87,26246.31,653591400
2022-06-22,26441.72,26448.43,26149.55,26149.55,663691200
2022-06-23,26134.89,26401.97,26039.57,26171.25,656830000
2022-06-24,26228.42,26518.33,26148.56,26491.97,726412800
2022-06-27,26741.8,26938.43,26665.58,26871.27,657739000
2022-06-28,26795.68,27049.47,26789.5,27049.47,733592000
2022-06-29,26814.23,26858.68,26689.37,26804.6,1011203600
2022-06-30,26753.28,26753.28,26324.7,26393.04,861070200
2022-07-01,26460.71,26527.34,25841.75,25935.62,816718000
2022-07-04,26086.78,26258.86,25945.83,26153.81,687029500
2022-07-05,26386.23,26532.51,26295.07,26423.47,627956500
2022-07-06,26190.4,26297.98,26051.19,26107.65,897466000
2022-07-07,26280.94,26531.97,26138.83,26490.53,807013100
2022-07-08,26623.85,26881.75,26510.53,26517.19,892526800
2022-07-11,26892.73,27062.09,26710.59,26812.3,684833900
2022-07-12,26701,26718.67,26278.28,26336.66,644292500
2022-07-13,26403.79,26543.07,26391.82,26478.77,541279200
2022-07-14,26357.32,26711.78,26312.79,26643.39,606317500
2022-07-15,26736.08,26857.77,26572.55,26788.47,655438400
2022-07-19,27003.83,27042.44,26791.71,26961.68,594409800
2022-07-20,27295.95,27692.85,27295.95,27680.26,666583800
2022-07-21,27627.88,27803,27549.56,27803,567028100
2022-07-22,27773.14,27952.25,27701.25,27914.66,601362200
2022-07-25,27697.77,27848.59,27663.26,27699.25,465158600
2022-07-26,27682.2,27715.78,27539.05,27655.21,500287800
2022-07-27,27575.16,27772.97,27526.1,27715.75,510697500
2022-07-28,27909.15,28015.68,27651.99,27815.48,834648800
2022-07-29,27915.22,28001.8,27725.24,27801.64,793450800
2022-08-01,27813.82,27993.35,27751.59,27993.35,719464300
2022-08-02,27812.48,27830.58,27530.6,27594.73,718210200
2022-08-03,27673,27834.7,27635.92,27741.9,723339700
2022-08-04,27930.94,28005.09,27870.05,27932.2,831019100
2022-08-05,27915.06,28190.04,27911.19,28175.87,712532500
2022-08-08,28050.09,28276.44,28050.09,28249.24,661244200
2022-08-09,28236.84,28254.58,27966.91,27999.96,648878700
2022-08-10,27955.11,27964.96,27729.46,27819.33,599049900
2022-08-12,28251.74,28546.98,28207.86,28546.98,896361600
2022-08-15,28623.78,28897.07,28623.78,28871.78,536819200
2022-08-16,28829.53,28928.16,28752.88,28868.91,501287200
2022-08-17,28952.65,29222.77,28952.65,29222.77,665741200
2022-08-18,28957.4,28999.64,28846.79,28942.14,474121700
2022-08-19,29095.71,29150.8,28913.05,28930.33,484340100
2022-08-22,28654.07,28827.79,28591.84,28794.5,491547800
2022-08-23,28580.2,28580.2,28395.3,28452.75,556937300
2022-08-24,28481.34,28515.61,28282.21,28313.47,620058700
2022-08-25,28415.11,28534.71,28357.03,28479.01,536988600
2022-08-26,28639.47,28792.71,28624.7,28641.38,491248400
2022-08-29,28161.06,28177.7,27788.12,27878.96,640896100
2022-08-30,28086.72,28233.8,27944.27,28195.58,606584600
2022-08-31,27928.09,28104.59,27907.95,28091.53,861592300
2022-09-01,27797,27829.6,27589.7,27661.47,688537700
2022-09-02,27755.6,27772.37,27570.74,27650.84,587673500
2022-09-05,27567.29,27673.41,27512.67,27619.61,470660700
2022-09-06,27650.15,27813.78,27557.99,27626.51,463050400
2022-09-07,27546.01,27546.01,27268.7,27430.3,693555400
2022-09-08,27732.68,28083.79,27718.3,28065.28,751549400
2022-09-09,28204.71,28284.88,28093.26,28214.75,740420300
2022-09-12,28483.59,28612.89,28438.37,28542.11,504945200
2022-09-13,28556.21,28659.76,28534.63,28614.63,516685500
2022-09-14,28132.7,28141.39,27795.83,27818.62,708861600
2022-09-15,27873.96,27946.2,27801.44,27875.91,486657100
2022-09-16,27631.39,27652.44,27527.16,27567.65,815884600
2022-09-20,27788.68,27907.1,27627.86,27688.42,599694400
2022-09-21,27440.84,27466.02,27297.5,27313.13,654552500
2022-09-22,27053.58,27197.07,26955.58,27153.83,621759400
2022-09-26,26779.44,26779.44,26424.6,26431.55,964549700
2022-09-27,26585.38,26679.82,26523.77,26571.87,668151200
2022-09-28,26422.86,26516.32,25938.42,26173.98,929484000
2022-09-29,26280.5,26458.18,26221.78,26422.05,888842300
2022-09-30,26240,26273.65,25805.59,25937.21,1012967200
2022-10-03,25778.95,26223.84,25623.67,26215.79,807028900
2022-10-04,26653.49,26994.44,26633.52,26992.21,870616400
2022-10-05,27211.32,27216.8,27031.28,27120.53,732888600
2022-10-06,27137.98,27399.19,27137.98,27311.3,693713000
2022-10-07,26975.92,27198.83,26921.9,27116.11,666732000
2022-10-11,26757.12,26758.66,26369.56,26401.25,789255900
2022-10-12,26353.22,26495.75,26314.83,26396.83,688466500
2022-10-13,26398.29,26405.47,26237.42,26237.42,591591100
2022-10-14,26599.32,27180.16,26595.35,27090.76,823528400
2022-10-17,26785.02,26811.57,26651.08,26775.79,652805000
2022-10-18,27167.73,27229.88,26910.91,27156.14,660606900
2022-10-19,27225.17,27370.52,27192.79,27257.38,575635000
2022-10-20,26981.75,27092.55,26872.59,27006.96,603046000
2022-10-21,26903.5,26984.51,26869.38,26890.58,563049800
2022-10-24,27233,27305.52,26974.9,26974.9,590657600
2022-10-25,27113.2,27337.08,27073.5,27250.28,621687600
2022-10-26,27410.64,27578.05,27405.91,27431.84,610333500
2022-10-27,27407.23,27450.26,27340.2,27345.24,653914500
2022-10-28,27097.38,27265.46,26981.08,27105.2,1445884500
2022-10-31,27404.3,27602.99,27394.85,27587.46,711244200
2022-11-01,27614.64,27682.66,27526.61,27678.92,725979400
2022-11-02,27678.92,27692.04,27548.61,27663.39,865639700
2022-11-04,27371.89,27389.3,27032.02,27199.74,1110542500
2022-11-07,27373.32,27578.01,27357.8,27527.64,788709700
2022-11-08,27718.84,27942.7,27708.64,27872.11,843613800
2022-11-09,27884.55,27920.49,27688.95,27716.43,791493200
2022-11-10,27459.08,27485.38,27370.62,27446.1,770903400
2022-11-11,27868.69,28325.8,27837.3,28263.57,1036906400
2022-11-14,28277.64,28305.04,27963.47,27963.47,851385100
2022-11-15,27940.26,28037.44,27904.76,27990.17,712198200
2022-11-16,28020.49,28068.44,27743.15,28028.3,731797700
2022-11-17,27952.21,28029.62,27910.01,27930.57,588819700
2022-11-18,28009.82,28045.44,27877.78,27899.77,647537800
2022-11-21,27982,28006.36,27846.3,27944.79,564884800
2022-11-22,28059.51,28202.81,28038.16,28115.74,759457800
2022-11-24,28373.72,28501.51,28373.72,28383.09,838771500
2022-11-25,28398.77,28398.77,28263.6,28283.03,567693800
2022-11-28,28221.96,28237.97,28046.33,28162.83,645815600
2022-11-29,27991.5,28055.91,27900.2,28027.84,648165400
2022-11-30,27886.67,27971.45,27804.73,27968.99,1066459800
2022-12-01,28273.13,28423.46,28226.08,28226.08,714105700
2022-12-02,27983.18,27983.18,27664.07,27777.9,794224800
2022-12-05,27752.99,27854.11,27700.86,27820.4,638913300
2022-12-06,27704.06,27934.07,27698.31,27885.87,604461200
2022-12-07,27670.29,27786.25,27646.78,27686.4,630240900
2022-12-08,27622.3,27643.64,27415.66,27574.43,649273800
2022-12-09,27633.96,27952.8,27633.96,27901.01,701677300
2022-12-12,27741.1,27865.72,27734.66,27842.33,495848300
2022-12-13,28067.37,28116.56,27907.49,27954.85,519157500
2022-12-14,28005.03,28195.69,27993.78,28156.21,548321800
2022-12-15,27991.14,28163.17,27987.54,28051.7,510624700
2022-12-16,27706.7,27713.04,27488.83,27527.12,837502700
2022-12-19,27279.92,27349.58,27165.78,27237.64,581862600
2022-12-20,27257.35,27339.49,26416.91,26568.03,1185263300
2022-12-21,26547.17,26616.28,26269.8,26387.72,1192484100
2022-12-22,26552.43,26585.28,26399.31,26507.87,733658700
2022-12-23,26207.77,26291.98,26106.38,26235.25,756568000
2022-12-26,26299.54,26438.65,26294.85,26405.87,473132000
2022-12-27,26570.78,26620.49,26447.87,26447.87,501794900
2022-12-28,26309.34,26354.27,26199.67,26340.5,615226600
2022-12-29,26074.9,26126.7,25953.92,26093.67,631104500
2022-12-30,26288,26321.37,26067.92,26094.5,527361300
2023-01-04,25834.93,25840.68,25661.89,25716.86,833297500
2023-01-05,25825.5,25947.1,25750.46,25820.8,723092500
2023-01-06,25740.08,26034.06,25719.61,25973.85,681532300
2023-01-10,26176.61,26316.66,26132.8,26175.56,712464100
2023-01-11,26362.21,26479.99,26332.05,26446,623583100
2023-01-12,26524.94,26547.61,26381.93,26449.82,770274500
2023-01-13,26391.78,26409.21,26090.84,26119.52,982974300
2023-01-16,25836.67,25938.04,25748.1,25822.32,716694700
2023-01-17,25915.51,26198.69,25895.3,26138.68,680690800
2023-01-18,26251.34,26816.68,26211.84,26791.12,933670800
2023-01-19,26541.08,26592.87,26368.97,26405.23,687234700
2023-01-20,26346.69,26553.53,26320.96,26553.53,604419000
2023-01-23,26880.21,26938.28,26788.76,26906.04,601862000
2023-01-24,27150.43,27381,27150.43,27299.19,707666600
2023-01-25,27175.88,27473.9,27175.88,27395.01,633607100
2023-01-26,27444.64,27502.15,27284.08,27362.75,632731400
2023-01-27,27428.41,27452.67,27326.91,27382.56,715002600
2023-01-30,27384.77,27486.42,27337.25,27433.4,657639800
2023-01-31,27458.56,27494.17,27302.22,27327.11,745973100
2023-02-01,27483.41,27547.67,27322.79,27346.88,658488100
2023-02-02,27453.67,27472.44,27338.43,27402.05,732462700
2023-02-03,27455.03,27612.57,27445.69,27509.46,927984800
2023-02-06,27764.66,27821.22,27656.47,27693.65,884287000
2023-02-07,27744.9,27814.96,27662.11,27685.47,742623700
2023-02-08,27690.74,27719.45,27458.53,27606.46,689676400
2023-02-09,27453.4,27635.38,27424.69,27584.35,616892100
2023-02-10,27711.25,27814.02,27609.33,27670.98,888227100
2023-02-13,27550.35,27570.32,27266.94,27427.32,704415700
2023-02-14,27705.37,27721.82,27553.18,27602.77,558171400
2023-02-15,27686.01,27720.27,27444.13,27501.86,721036000
2023-02-16,27654.72,27727.66,27597.12,27696.44,681188600
2023-02-17,27484.6,27608.59,27466.61,27513.13,687914700
2023-02-20,27497.13,27531.94,27426.48,27531.94,624719300
2023-02-21,27486.09,27538.29,27359.12,27473.1,616281500
2023-02-22,27265.99,27300.53,27046.08,27104.32,747113800
2023-02-24,27144.72,27465.9,27128.32,27453.48,759907200
2023-02-27,27322.73,27456.22,27292.74,27423.96,593990000
2023-02-28,27515.34,27585.17,27400.36,27445.56,862860800
2023-03-01,27363.57,27530.76,27305.37,27516.53,697910700
2023-03-02,27564.82,27617.8,27408.54,27498.87,692864800
2023-03-03,27683.26,27961.21,27655.34,27927.47,782019900
2023-03-06,28182.31,28288.62,28153.82,28237.78,657288500
2023-03-07,28202.59,28398.27,28202.59,28309.16,697953100
2023-03-08,28237.21,28469.41,28232.68,28444.19,672152600
2023-03-09,28648.11,28734.79,28558.88,28623.15,723039900
2023-03-10,28385.29,28424.24,28118.74,28143.97,1112609700
2023-03-13,27886.21,27906.97,27631.53,27832.96,960567200
2023-03-14,27455.95,27455.95,27104.75,27222.04,1257058100
2023-03-15,27421.66,27424.94,27105.99,27229.48,866160600
2023-03-16,26796.67,27057.54,26632.92,27010.61,1071079800
2023-03-17,27232.23,27356.15,27071.71,27333.79,1014837300
2023-03-20,27253.73,27367.18,26945.67,26945.67,791909100
2023-03-22,27298.15,27520.97,27267.26,27466.61,780719800
2023-03-23,27232.97,27461.97,27175.63,27419.61,641296100
2023-03-24,27368.62,27397.29,27257.44,27385.25,595478200
2023-03-27,27482.39,27543.48,27359.72,27476.87,573975700
2023-03-28,27573.82,27603.45,27432.76,27518.25,663559800
2023-03-29,27549.37,27897.72,27505.48,27883.78,838235700
2023-03-30,27827.89,27876.38,27630.55,27782.93,820317100
2023-03-31,28009.22,28124.62,27986.62,28041.48,911488900
2023-04-03,28203.35,28258.91,28120.71,28188.15,750399000
2023-04-04,28213.93,28287.42,28139.12,28287.42,732692400
2023-04-05,28111.04,28133.57,27788.77,27813.26,743257400
2023-04-06,27589.14,27609.86,27427.66,27472.63,732029700
2023-04-07,27554.37,27591.15,27456.25,27518.31,491041200
2023-04-10,27658.52,27737.49,27597.18,27633.66,480314800
2023-04-11,27895.9,28068.39,27854.82,27923.37,648420000
2023-04-12,27985.93,28121.46,27983.97,28082.7,626839100
2023-04-13,27952.58,28163.87,27952.01,28156.97,598585200
2023-04-14,28321.54,28515.51,28282.82,28493.47,728949300
2023-04-17,28537.99,28599.75,28414.98,28514.78,580060300
2023-04-18,28567.54,28698.22,28520.76,28658.83,622725700
2023-04-19,28619.84,28677.22,28531.54,28606.76,580247000
2023-04-20,28472,28694.25,28442.45,28657.57,567419400
2023-04-21,28590.55,28778.37,28527.8,28564.37,613661800
2023-04-24,28631.78,28680.65,28567.24,28593.52,499527100
2023-04-25,28697.73,28806.69,28609.77,28620.07,593275400
2023-04-26,28478.52,28551.61,28319.77,28416.47,687055400
2023-04-27,28340.59,28459.73,28241.67,28457.68,735564600
2023-04-28,28705.91,28879.24,28499.51,28856.44,1039590900
2023-05-01,29058.05,29145.89,29016.83,29123.18,733682100
2023-05-02,29278.8,29278.8,29083.13,29157.95,639102200
2023-05-08,29095.46,29144.12,28931.81,28949.88,741494000
2023-05-09,29020.63,29262.36,29020.63,29242.82,863914600
2023-05-10,29189.41,29195.16,29070.11,29122.18,872759400
2023-05-11,29110.79,29165.59,29028.71,29126.72,822074300
2023-05-12,29199.3,29426.06,29141.52,29388.3,1060843600
2023-05-15,29547.04,29629.47,29475.97,29626.34,885873500
2023-05-16,29838.01,29916.56,29779.07,29842.99,1073921100
2023-05-17,29912.44,30115.32,29912.44,30093.59,930835700
2023-05-18,30432.54,30667.13,30381.9,30573.93,904857100
2023-05-19,30847.36,30924.57,30679.16,30808.35,805277100
2023-05-22,30735.71,31086.82,30689.27,31086.82,753937300
2023-05-23,31245.72,31352.53,30828.73,30957.77,921619800
2023-05-24,30728.69,30856.92,30566.83,30682.68,817090300
2023-05-25,30599.27,30889.98,30558.14,30801.13,839875400
2023-05-26,30909.61,31101.6,30864.49,30916.31,783488100
2023-05-29,31388.01,31560.43,31164,31233.54,783278700
2023-05-30,31196.24,31374.83,31064.19,31328.16,718453100
2023-05-31,31057.09,31142.78,30785.98,30887.88,1845848500
2023-06-01,30886.01,31185.05,30853.44,31148.01,950903500
2023-06-02,31300.72,31555.54,31257.01,31524.22,906562000
2023-06-05,31864.12,32217.43,31798.72,32217.43,988367900
2023-06-06,31988.37,32534.47,31933.87,32506.78,824786900
2023-06-07,32618.78,32708.53,31913.74,31913.74,1119412300
2023-06-08,31877.79,32035.95,31420.45,31641.27,860403600
2023-06-09,31927.38,32304.04,31898.75,32265.17,1015282600
2023-06-12,32412.12,32517.68,32280.54,32434,687045400
2023-06-13,32668.95,33127.36,32638.21,33018.65,894530100
2023-06-14,33331.47,33665.52,33203.95,33502.42,1115542000
2023-06-15,33493.69,33767.13,33386.01,33485.49,1058175100
2023-06-16,33399.15,33772.76,33186.93,33706.08,1320441300
2023-06-19,33768.69,33772.89,33231.56,33370.42,829084900
2023-06-20,33269.57,33474.74,33089.02,33388.91,824130300
2023-06-21,33200.63,33657.87,33154.68,33575.14,820003300
2023-06-22,33438.01,33641.46,33232.19,33264.88,946653500
2023-06-23,33458.35,33533.47,32575.56,32781.54,1036405600
2023-06-26,32647.08,32884.73,32392.72,32698.81,740739200
2023-06-27,32629.96,32689.1,32306.99,32538.33,795823600
2023-06-28,32807.84,33193.99,32642.87,33193.99,911142900
2023-06-29,33306.84,33527.98,33185.2,33234.14,1178914900
2023-06-30,33068.36,33232.89,32918.77,33189.04,1112581300
2023-07-03,33517.6,33762.81,33510.55,33753.33,953903000
2023-07-04,33512.26,33576.45,33338.78,33422.52,993713500
2023-07-05,33165.06,33389.22,33041.14,33338.7,951326200
2023-07-06,33058.4,33079.45,32637.72,32773.02,1005548700
2023-07-07,32450.64,32730.25,32327.9,32388.42,1050562700
2023-07-10,32393.46,32558.98,32065.63,32189.73,1011654000
2023-07-11,32434.67,32468.7,32084.42,32203.57,871600800
2023-07-12,32280.05,32312.03,31791.71,31943.93,883889600
2023-07-13,32106.05,32484.4,31952.98,32419.33,777770800
2023-07-14,32587.9,32780.63,32225.37,32391.26,902827600
2023-07-18,32457.18,32714.59,32338.3,32493.89,811117700
2023-07-19,32812.36,32896.03,32671.03,32896.03,818995400
2023-07-20,32803.35,32861.02,32462.86,32490.52,755997000
2023-07-21,32336.86,32462.44,32080.95,32304.25,793858600
2023-07-24,32648.14,32793.77,32554.46,32700.94,834980300
2023-07-25,32705.39,32715.56,32509.94,32682.51,1010268700
2023-07-26,32704.96,32724.25,32488.52,32668.34,851682700
2023-07-27,32523.69,32938.59,32503.69,32891.16,909018400
2023-07-28,32444.42,32846.97,32037.55,32759.23,1705002700
2023-07-31,33128.83,33402.08,33025.93,33172.22,1342940800
2023-08-01,33292.31,33488.77,33203.88,33476.58,1107576100
2023-08-02,33123.12,33158.58,32628.29,32707.69,1242018500
2023-08-03,32375.85,32467.06,32142.25,32159.28,1203403900
2023-08-04,32019.06,32294.7,31934.35,32192.75,1066209600
2023-08-07,31921.28,32306.87,31830.23,32254.56,941083100
2023-08-08,32430.61,32539.88,32238.59,32377.29,917844900
2023-08-09,32346.32,32407.85,32175.64,32204.33,1044872700
2023-08-10,32015.96,32504.85,32015.96,32473.65,1079986300
2023-08-14,32456.72,32613.99,32031.54,32059.91,955585500
2023-08-15,32372.53,32403.93,32217.52,32238.89,751178300
2023-08-16,31965.58,31997.28,31766.82,31766.82,848351100
2023-08-17,31621.98,31704.08,31309.68,31626,877123600
2023-08-18,31321.26,31644.89,31275.25,31450.76,748078600
2023-08-21,31552.85,31758.7,31409.86,31565.64,695107500
2023-08-22,31792.6,31906.1,31693.76,31856.71,701804200
2023-08-23,31717.91,32039.6,31717.91,32010.26,650504100
2023-08-24,32130.52,32297.91,32063.14,32287.21,733959100
2023-08-25,31840.91,31885.53,31572.06,31624.28,656795200
2023-08-28,31915.68,32205.48,31881.93,32169.99,699218000
2023-08-29,32280.57,32389.12,32186.57,32226.97,774842000
2023-08-30,32432.95,32557.45,32300.56,32333.46,891067500
2023-08-31,32361.02,32692.76,32359.15,32619.34,1146024000
2023-09-01,32521.15,32845.46,32499.44,32710.62,884327400
2023-09-04,32797.32,32939.18,32714.94,32939.18,895594600
2023-09-05,32941.41,33036.76,32784.32,33036.76,913445000
2023-09-06,33115.06,33282.15,33088.22,33241.02,941904600
2023-09-07,33118.55,33322.45,32986.35,32991.08,1001681100
2023-09-08,32916.25,32920.43,32512.8,32606.84,1140516800
2023-09-11,32690.54,32746.14,32391.69,32467.76,842193300
2023-09-12,32629.16,32799.69,32486.48,32776.37,939801600
2023-09-13,32742.29,32872.44,32616.65,32706.52,981452600
2023-09-14,32925.54,33244.45,32851.24,33168.1,1121042100
2023-09-15,33428.44,33634.31,33391.46,33533.09,1665830900
2023-09-19,33296.23,33337.23,33128.86,33242.59,1171595900
2023-09-20,33261.35,33267.14,32988.65,33023.78,1134617600
2023-09-21,32865.56,32939.89,32550.65,32571.03,1078851000
2023-09-22,32189.32,32535.67,32154.53,32402.41,1097926500
2023-09-25,32517.26,32722.22,32388.28,32678.62,821085400
2023-09-26,32640.05,32643.41,32315.05,32315.05,864558400
2023-09-27,32023.37,32371.9,31960.32,32371.9,1055881300
2023-09-28,32119.37,32164.45,31674.42,31872.52,1159057200
2023-09-29,32018.64,32027.46,31717.74,31857.62,1320335900
2023-10-02,32101.97,32401.58,31759.88,31759.88,1048864500
2023-10-03,31607.97,31607.97,31157.4,31237.94,1096031800
2023-10-04,30765.03,30830.85,30487.67,30526.88,1371579800
2023-10-05,30733.65,31083.9,30565.32,31075.36,1141912200
2023-10-06,31003.95,31160.45,30928.16,30994.67,945586500
2023-10-10,31314.67,31818.26,31314.67,31746.53,1010284000
2023-10-11,31847.1,32037.07,31804.09,31936.51,895066900
2023-10-12,32120.94,32494.66,32120.94,32494.66,1005636500
2023-10-13,32328.39,32533.08,32249.03,32315.99,915446600
2023-10-16,31983.04,31999.79,31564.31,31659.03,845123400
2023-10-17,32063.79,32260.77,31901.39,32040.29,756178300
2023-10-18,32033.81,32101.47,31866.95,32042.25,832032700
2023-10-19,31579.54,31669.42,31399.17,31430.62,807307500
2023-10-20,31164.89,31428.97,31093.9,31259.36,845409700
2023-10-23,31151.98,31177.41,30974.26,30999.55,735271200
2023-10-24,31157.01,31210.26,30551.67,31062.35,979025100
2023-10-25,31302.51,31466.92,31195.58,31269.92,786639800
2023-10-26,30902.92,30943.33,30567.61,30601.78,855527600
2023-10-27,30713.79,31081.48,30687.33,30991.69,891074500
2023-10-30,30663.48,30762.5,30538.29,30696.96,1869959900
2023-10-31,30694.96,30973.66,30552.65,30858.85,1343477700
2023-11-01,31311.22,31601.65,31301.51,31601.65,1300571700
2023-11-02,31987.02,32087.13,31878.36,31949.89,1210666900
2023-11-06,32450.82,32766.54,32395.5,32708.48,1393639100
2023-11-07,32551.77,32591.11,32250.93,32271.82,1067055200
2023-11-08,32457.23,32512.17,32049.34,32166.48,1561834600
2023-11-09,32316.39,32723.71,32193.2,32646.46,1155451300
2023-11-10,32491.24,32598.93,32248.24,32568.11,1112712900
2023-11-13,32818.15,32913.31,32499.28,32585.11,905949800
2023-11-14,32760.51,32836.27,32667.4,32695.93,880914900
2023-11-15,33112.31,33556.52,33096.93,33519.7,1237757700
2023-11-16,33399.59,33614.13,33233.84,33424.41,941901900
2023-11-17,33344.85,33599.63,33263.67,33585.2,932137000
2023-11-20,33559.62,33853.46,33352.69,33388.03,948797800
2023-11-21,33453.15,33460.32,33254.73,33354.14,919152200
2023-11-22,33182.99,33593.5,33182.99,33451.83,756229000
2023-11-24,33752.05,33817.86,33622.57,33625.53,806945800
2023-11-27,33710.03,33811.41,33397.04,33447.67,827176600
2023-11-28,33520.39,33545.85,33298.04,33408.39,840971300
2023-11-29,33244.43,33516.23,33179.07,33321.22,892289900
2023-11-30,33260.14,33486.89,33161.07,33486.89,1521572000
2023-12-01,33537.44,33551.57,33397.42,33431.51,875985100
2023-12-04,33318.07,33324.38,33023.04,33231.27,873018900
2023-12-05,33022.38,33089.82,32726.68,32775.82,860877700
2023-12-06,32928.92,33452.13,32914.09,33445.9,912044100
2023-12-07,33165.72,33195.87,32814.69,32858.31,1051260100
2023-12-08,32600.47,32604.35,32205.38,32307.86,1441590000
2023-12-11,32665.09,32933.08,32650.1,32791.8,1057756000
2023-12-12,33107.65,33172.13,32800.24,32843.7,980674200
2023-12-13,32973.47,33104.47,32864.38,32926.35,999523300
2023-12-14,33032.3,33120.55,32515.04,32686.25,1333509700
2023-12-15,32760.56,33122.33,32732.66,32970.55,1410976700
2023-12-18,32769.23,32790.58,32541.23,32758.98,1068776800
2023-12-19,32774.21,33219.39,32654.43,33219.39,1063089500
2023-12-20,33467.32,33824.06,33467.32,33675.94,1179504200
2023-12-21,33276.81,33337.84,33097.79,33140.47,955774300
2023-12-22,33257.95,33375.19,33151.7,33169.05,894128200
2023-12-25,33414.51,33414.51,33221.57,33254.03,589428900
2023-12-26,33295.68,33312.26,33181.36,33305.85,682656200
2023-12-27,33532.97,33755.75,33521.52,33681.24,936832600
2023-12-28,33477.47,33571.73,33411.24,33539.62,733097700
2023-12-29,33458.64,33652.71,33305.17,33464.17,890361000
2024-01-04,33193.05,33299.39,32693.18,33288.29,1172838900
2024-01-05,33397.52,33568.04,33257.43,33377.42,1153316400
2024-01-09,33704.83,33990.28,33600.32,33763.18,1120661200
2024-01-10,33896.33,34539.02,33885.74,34441.72,1059849400
2024-01-11,34871.33,35157.56,34849.57,35049.86,1300586200
2024-01-12,35601.65,35839.65,35362.24,35577.11,1292269800
2024-01-15,35634.12,36008.23,35544.32,35901.79,1056762100
2024-01-16,35909.2,35955.68,35587.53,35619.18,1034464700
2024-01-17,35850.18,36239.22,35476.52,35477.75,1395160800
2024-01-18,35371.25,35728.09,35371.25,35466.17,1002855400
2024-01-19,35913.72,36076.23,35790.07,35963.27,1041182700
2024-01-22,36294.1,36571.8,36225.91,36546.95,1000024300
2024-01-23,36605.3,36984.51,36436.07,36517.57,1114940200
2024-01-24,36415.66,36471.39,36104.89,36226.48,1086274000
2024-01-25,36213.14,36312.36,35912.54,36236.47,945903600
2024-01-26,36003,36060.4,35687.58,35751.07,1096375500
2024-01-29,35814.29,36186.87,35813.77,36026.94,955087900
2024-01-30,36196.64,36249.03,36039.31,36065.86,878993700
2024-01-31,35759.55,36292.53,35704.58,36286.71,1110953100
2024-02-01,36008.56,36146.36,35924.6,36011.46,1181349500
2024-02-02,36249.99,36441.09,36083.61,36158.02,1148216200
2024-02-05,36419.34,36452.62,36213,36354.16,1305294300
2024-02-06,36249.08,36294.48,36065.98,36160.66,1346890000
2024-02-07,36002.99,36195.5,35854.63,36119.92,1265212600
2024-02-08,36258.84,36956.97,36206.2,36863.28,1509862600
2024-02-09,36915.44,37287.26,36807.03,36897.42,1467661200
2024-02-13,37248.36,38010.69,37184.1,37963.97,1405041400
2024-02-14,37712.87,37825.85,37594.47,37703.32,1202744700
2024-02-15,38017.83,38188.74,37935.36,38157.94,1299949600
2024-02-16,38517.37,38865.06,38361.55,38487.24,1517174400
2024-02-19,38473.41,38555.84,38281.7,38470.38,1020209500
2024-02-20,38510.37,38742.33,38288.04,38363.61,1084835500
2024-02-21,38191.97,38339.7,38095.15,38262.16,1047198500
2024-02-22,38508.07,39156.97,38508.07,39098.68,1229256700
2024-02-26,39320.64,39388.08,39181.03,39233.71,1256927200
2024-02-27,39260.78,39426.29,39113.03,39239.52,1190951500
2024-02-28,39189.22,39283.95,39075.47,39208.03,1199285300
2024-02-29,38935.53,39250.12,38876.81,39166.19,1659909100
2024-03-01,39254.69,39990.23,39224.64,39910.82,1227737800
2024-03-04,40201.76,40314.64,40001.55,40109.23,1194477600
2024-03-05,39881.73,40226.99,39840.34,40097.63,1152271800
2024-03-06,39792.37,40147.77,39769.04,40090.78,1129197400
2024-03-07,40331.06,40472.11,39518.4,39598.71,1371719700
2024-03-08,39809.56,39989.33,39551.6,39688.94,1433393400
2024-03-11,39232.14,39241.28,38496.66,38820.49,1329198100
2024-03-12,38470.39,38841.8,38271.38,38797.51,1129334400
2024-03-13,39059.95,39147.8,38452.57,38695.97,1053540900
2024-03-14,38591.73,38840.33,38400.17,38807.38,1110684100
2024-03-15,38548.16,38808.68,38519.94,38707.64,1670979600
2024-03-18,38960.99,39769.11,38935.47,39740.44,1287378600
2024-03-19,39622.58,40003.6,39407.5,40003.6,1346938500
2024-03-21,40511.55,40823.32,40452.19,40815.66,1571822800
2024-03-22,40942.88,41087.75,40714.14,40888.43,1360973800
2024-03-25,40798.96,40837.18,40414.12,40414.12,1014820700
2024-03-26,40345.04,40529.53,40280.85,40398.03,1013657500
2024-03-27,40517.17,40979.36,40452.21,40762.73,1213124100
2024-03-28,40324.42,40482.02,40054.06,40168.07,1356287300
2024-03-29,40277.45,40521.71,40268.11,40369.44,1219796000
2024-04-01,40646.7,40697.22,39706.45,39803.09,1345112200
2024-04-02,39892.59,40151.05,39707.87,39838.91,1157958300
2024-04-03,39503.72,39625.9,39217.04,39451.85,1231752000
2024-04-04,39928.33,40243.02,39773.14,39773.14,1451455000
2024-04-05,39237.39,39274.76,38774.24,38992.08,1295623800
2024-04-08,39391.98,39617.36,39197,39347.04,1083013500
2024-04-09,39496.95,39773.13,39476.13,39773.13,1059208200
2024-04-10,39582.33,39708.7,39510.48,39581.81,974157800
2024-04-11,39090.68,39473.48,39065.31,39442.63,1070020200
2024-04-12,39722.02,39774.82,39457.73,39523.55,1071271100
2024-04-15,39056.93,39232.8,38820.95,39232.8,1070153000
2024-04-16,38750.67,38764.82,38322.32,38471.2,1329565400
2024-04-17,38587.47,38587.61,37961.8,37961.8,1206440600
2024-04-18,37745.04,38216.75,37644.91,38079.7,1058032400
2024-04-19,37724.47,37749.48,36733.06,37068.35,1553636400
2024-04-22,37240.93,37511.8,37052.63,37438.61,1193656700
2024-04-23,37797.06,37817.78,37397.27,37552.16,959271200
2024-04-24,37871.92,38460.08,37857.47,38460.08,1211315900
2024-04-25,38065.91,38129.53,37604.23,37628.48,1138524100
2024-04-26,37725.61,38097.54,37550.7,37934.76,1248545400
2024-04-30,38312.66,38608.17,38182.11,38405.66,1514280900
2024-05-01,38107.38,38433.34,38036.24,38274.05,1085436900
2024-05-02,38004.01,38355.6,37958.19,38236.07,1019285200
2024-05-07,38636.23,38863.14,38541.97,38835.1,1152396100
2024-05-08,38677.57,38749.35,38159.85,38202.37,1201061600
2024-05-09,38242.92,38429.81,38072.24,38073.98,1185501100
2024-05-10,38361.79,38741.88,38126.91,38229.11,1673429800
2024-05-13,38211.61,38273.4,37969.58,38179.46,1287349900
2024-05-14,38287.99,38477.68,38084.71,38356.06,1432629000
2024-05-15,38533.09,38816.6,38335.61,38385.73,1462732900
2024-05-16,38645.96,38949.38,38513.33,38920.26,1579437500
2024-05-17,38561.04,38842.49,38539.56,38787.38,1333356900
2024-05-20,38761.71,39437.16,38703.7,39069.68,1274428900
2024-05-21,39232.16,39346.15,38942.28,38946.93,1067198900
2024-05-22,38823.91,38854.99,38592.94,38617.1,1055204000
2024-05-23,38803.13,39129.47,38617.43,39103.22,1077552000
2024-05-24,38506.03,38740.82,38367.7,38646.11,963057200
2024-05-27,38766.21,38900.02,38667.93,38900.02,942391400
2024-05-28,38879.15,38981.97,38756.13,38855.37,1012076300
2024-05-29,38880.5,39141.99,38524.24,38556.87,1239158100
2024-05-30,38112.77,38138.03,37617,38054.13,1173391500
2024-05-31,38173.22,38526.93,38087.61,38487.9,2110106500
2024-06-03,38734.95,39032.5,38734.95,38923.03,1158550100
2024-06-04,38702.54,38895.06,38591.79,38837.46,1178686600
2024-06-05,38654.09,38656.41,38343.98,38490.17,1193704000
2024-06-06,38841.66,39011.93,38693.5,38703.51,1189157000
2024-06-07,38597.55,38747.27,38560.85,38683.93,962356200
2024-06-10,38689.78,39081.54,38689.78,39038.16,892254800
2024-06-11,39175.59,39336.66,39074.88,39134.79,933293200
2024-06-12,38865.15,38945.99,38809.36,38876.71,1081606600
2024-06-13,39182.06,39252.44,38689.79,38720.47,1159251000
2024-06-14,38587.57,39025.7,38554.75,38814.56,1571162900
2024-06-17,38440.98,38442.7,37950.2,38102.44,1074894800
2024-06-18,38433.48,38519.02,38332.89,38482.11,970822900
2024-06-19,38653.91,38797.97,38453.41,38570.76,936081600
2024-06-20,38410.32,38637.62,38263.08,38633.02,880451900
2024-06-21,38608.66,38795.68,38532.13,38596.47,1408422000
2024-06-24,38497.42,38905.47,38416.07,38804.65,934567500
2024-06-25,38833.9,39215.07,38758.07,39173.15,1082542100
2024-06-26,39364.73,39788.63,39233.56,39667.07,1088836200
2024-06-27,39434.47,39439.24,39193.51,39341.54,1150281900
2024-06-28,39593.01,39783.7,39485.73,39583.08,1243441800
2024-07-01,39839.82,39942.69,39537.1,39631.06,1187806900
2024-07-02,39543.61,40113.48,39457.62,40074.69,1350506700
2024-07-03,40225.83,40694.21,40172.85,40580.76,1256457500
2024-07-04,40747.59,40971.23,40604.15,40913.65,1179936300
2024-07-05,41009.36,41100.13,40746.89,40912.37,1142341500
2024-07-08,40863.14,41112.24,40780.7,40780.7,1130177600
2024-07-09,40953.41,41769.35,40942.44,41580.17,1181927400
2024-07-10,41444.33,41889.16,41430.38,41831.99,1344314200
2024-07-11,42343.72,42426.77,42102.46,42224.02,1230396800
2024-07-12,41668.86,41754.76,41188.29,41190.68,1303586500
2024-07-16,41366.79,41520.07,41220.65,41275.08,1007741600
2024-07-17,41416.18,41466.45,41054.72,41097.69,1098754400
2024-07-18,40521.71,40587.63,40104.22,40126.35,1175661700
2024-07-19,39965.91,40212.9,39824.58,40063.79,998316300
2024-07-22,39947.95,39973.2,39519.39,39599,827466000
2024-07-23,39864.09,39927.89,39519.91,39594.39,883160600
2024-07-24,39336.74,39643.27,39096.5,39154.85,1102608300
2024-07-25,38524.2,38557.79,37825.58,37869.51,1429652800
2024-07-26,37792.87,38105.96,37611.19,37667.41,1239545500
2024-07-29,38139.12,38719.7,38010.01,38468.63,1073493000
2024-07-30,38241.35,38531.16,38076.7,38525.95,1096622500
2024-07-31,38140.77,39188.37,37954.38,39101.82,1464213500
2024-08-01,38781.56,38781.56,37737.88,38126.33,1788397300
2024-08-02,37444.17,37471.52,35880.15,35909.7,2043090100
2024-08-05,35249.36,35301.18,31156.12,31458.42,2855705500
2024-08-06,32077.33,34911.8,32077.33,34675.46,2512352700
2024-08-07,34122.35,35849.77,33739.46,35089.62,2427982200
2024-08-08,34645.79,35379.65,34207.16,34831.15,1653267900
2024-08-09,35272.34,35671.31,34445.57,35025,1768683100
2024-08-13,35490.58,36232.51,35476.79,36232.51,1407375300
2024-08-14,36535.6,36683.89,36074.71,36442.43,1355812100
2024-08-15,36381.4,36885.16,36381.4,36726.64,1196943400
2024-08-16,37304.93,38143.55,37304.93,38062.67,1294568800
2024-08-19,37863.76,38125.27,37318.04,37388.62,1077759300
2024-08-20,37847.85,38236.39,37738.3,38062.92,1106142000
2024-08-21,37653.34,38026.02,37605.83,37951.8,947816500
2024-08-22,38033.78,38408.19,37883.86,38211.01,927610500
2024-08-23,38278.18,38424.27,38053.47,38364.27,897676100
2024-08-26,38156.41,38204.81,37825.31,38110.22,917042200
2024-08-27,38066.31,38365.64,37911.32,38288.62,842828900
2024-08-28,38221.38,38399.91,38141.49,38371.76,886716900
2024-08-29,38119.95,38401.15,37970.2,38362.53,1064633300
2024-08-30,38388.04,38669.79,38316.87,38647.75,1365792600
2024-09-02,39025.31,39080.64,38476.51,38700.87,870884600
2024-09-03,38745.76,38967.56,38581.55,38686.31,912457400
2024-09-04,38039.91,38080.02,36879.33,37047.61,1444365400
2024-09-05,36536.25,37099.96,36359.23,36657.09,1112597700
2024-09-06,36815,36898.28,36235.61,36391.47,1117151100
2024-09-09,35805.82,36248.12,35247.87,36215.75,1181779000
2024-09-10,36386.12,36537.03,36001.58,36159.16,1122722400
2024-09-11,36029.9,36056.87,35253.43,35619.77,1276346900
2024-09-12,36185.62,36902.21,36172.26,36833.27,1262803200
2024-09-13,36882.41,36887.4,36441.34,36581.76,1159122900
2024-09-17,36601.93,36663.18,35828.54,36203.22,1272798400
2024-09-18,36546.04,36675.07,36127.45,36380.17,998930900
2024-09-19,36958.93,37394.52,36958.93,37155.33,1141438900
2024-09-20,37714.07,37974.72,37654.11,37723.91,1626259400
2024-09-24,38171.36,38427.15,37902.99,37940.59,1134769200
2024-09-25,37947.35,38109.24,37868.84,37870.26,1082165500
2024-09-26,38266.79,38925.63,38240.65,38925.63,1410493200
2024-09-27,39108.27,39829.56,38917.98,39829.56,1619357600
2024-09-30,39117.83,39126.36,37797.91,37919.55,1904679700
2024-10-01,38232.47,38718.13,38232.47,38651.97,1326603100
2024-10-02,38136.2,38213.54,37651.07,37808.76,1401083800
2024-10-03,38459.13,38856.75,38457.62,38552.06,1273152000
2024-10-04,38594.73,38735.29,38501.82,38635.62,1212147600
2024-10-07,39239.92,39560.78,39195.93,39332.74,1280383200
2024-10-08,39021.13,39117.09,38817.54,38937.54,1203779100
2024-10-09,39385.49,39456.28,39115.63,39277.96,1068107800
2024-10-10,39575.8,39616.59,39282.19,39380.89,1034986500
2024-10-11,39636.87,39668.93,39415.26,39605.8,1109312500
2024-10-15,40047.15,40257.34,39910.55,39910.55,1289708900
2024-10-16,39362.63,39362.63,39062.85,39180.3,1080848400
2024-10-17,39263.82,39299.74,38911.19,38911.19,1072107700
2024-10-18,39092.47,39186.64,38893.52,38981.75,956906800
2024-10-21,38960.2,39119.67,38775.59,38954.6,989674600
2024-10-22,38933.6,38995.03,38200.82,38411.96,1104443800
2024-10-23,38397.28,38514.33,37987.62,38104.86,954326500
2024-10-24,37804.52,38320.39,37712.19,38143.29,1086989500
2024-10-25,37954.78,38028.14,37713,37913.92,907429600
2024-10-28,37757.95,38740.17,37757.95,38605.53,1166331600
2024-10-29,38524.3,38903.68,38416.85,38903.68,973807100
2024-10-30,39102.89,39417.88,39094.3,39277.39,2218121800
2024-10-31,39179.72,39249.21,38832.21,39081.25,1442868400
2024-11-01,38504.35,38512.83,37946.66,38053.67,1302641500
2024-11-05,38274.22,38620.19,38159.73,38474.9,1200140400
2024-11-06,38677.95,39664.53,38662.17,39480.67,1705754600
2024-11-07,39745.23,39884.01,39020.22,39381.41,1899855000
2024-11-08,39783.45,39818.41,39377.87,39500.37,1592563000
2024-11-11,39417.21,39598.74,39315.61,39533.32,1226835300
2024-11-12,39642.78,39866.72,39137.89,39376.09,1629622500
2024-11-13,39317.15,39377.24,38600.26,38721.66,1504235000
2024-11-14,38911.04,39084.44,38535.7,38535.7,1338306400
2024-11-15,38749.56,39101.64,38642.91,38642.91,1439066000
2024-11-18,38259.59,38548.3,38150.39,38220.85,1059713400
2024-11-19,38396.72,38560.1,38246.36,38414.43,1092156700
2024-11-20,38475.7,38520.45,38180.15,38352.34,1035340600
2024-11-21,38352.87,38374.69,37945.21,38026.17,1018608300
2024-11-22,38146.98,38420.63,38085.13,38283.85,1032801000
2024-11-25,38679.93,39053.64,38672.17,38780.14,1923819600
2024-11-26,38596.76,38596.76,38020.08,38442,1228045200
2024-11-27,38327.86,38332.45,37988.99,38134.97,1205278900
2024-11-28,37935.94,38478.32,37801.62,38349.06,1034061500
2024-11-29,38205.08,38270.06,37986.97,38208.03,1023154000
2024-12-02,38216.95,38552.41,37958.55,38513.02,1104621000
2024-12-03,38748.65,39427.37,38746.05,39248.86,1421941400
2024-12-04,39354,39417.08,39062.03,39276.39,1191063300
2024-12-05,39610.43,39632.3,39323.04,39395.6,1164014600
2024-12-06,39371.56,39468.47,38940.44,39091.17,1015007000
2024-12-09,39332.55,39332.55,38972.78,39160.5,1130741100
2024-12-10,39375.49,39465.14,39171.69,39367.58,1102644700
2024-12-11,39357.77,39401.93,39112.8,39372.23,1058276100
2024-12-12,39849.97,40091.55,39827.59,39849.14,1210679300
2024-12-13,39624.05,39734.99,39247.41,39470.44,1239410500
2024-12-16,39551.22,39632.17,39371.42,39457.49,875059800
2024-12-17,39589.65,39796.22,39364.68,39364.68,1156641800
2024-12-18,39176.88,39382.69,39081.71,39081.71,1321677900
2024-12-19,38522.27,38913.07,38355.52,38813.58,1477482000
2024-12-20,38950.28,39039.68,38701.9,38701.9,1844523100
2024-12-23,39040.72,39210.17,38847.13,39161.34,1031509000
2024-12-24,39210.23,39245.75,38995.76,39036.85,1161623200
2024-12-25,39168.52,39180.59,38927.16,39130.43,1160689900
2024-12-26,39129.31,39592.28,39110.92,39568.06,1314196300
2024-12-27,39672.15,40398.23,39669.39,40281.16,1594992400
2024-12-30,40325.78,40325.78,39864.46,39894.54,1106482500
2025-01-06,39945.42,39993.5,39232.78,39307.05,1379126200
2025-01-07,39584.36,40288.8,39584.36,40083.3,1270214900
2025-01-08,39879.36,40105.72,39705.81,39981.06,1187577400
2025-01-09,39888.91,39930.07,39385.05,39605.09,1170499700
2025-01-10,39550.25,39591.46,39166.05,39190.4,1132246200
2025-01-14,39010.96,39054.35,38305.91,38474.3,1268882100
2025-01-15,38721.61,38774.99,38316.01,38444.58,1006986400
2025-01-16,38732.65,38932.54,38426.2,38572.6,1142476100
2025-01-17,38454.1,38503.94,38055.68,38451.46,1153272200
2025-01-20,38671.77,39032.93,38671.77,38902.5,875279800
2025-01-21,39163.53,39238.21,38643.84,39027.98,933290900
2025-01-22,39355.22,39694.57,39332.63,39646.25,1084533300
2025-01-23,39810.06,40036.07,39677.22,39958.87,1191180600
2025-01-24,40060.49,40279.79,39806.69,39931.98,1226073200
2025-01-27,40127.74,40255.68,39520.79,39565.8,1172032400
2025-01-28,39400.02,39448.55,38886.05,39016.87,1320059700
2025-01-29,39273.8,39448.24,39129.14,39414.78,1086300900
2025-01-30,39302.85,39600.93,39221.36,39513.97,1078520600
2025-01-31,39574.38,39681.82,39458.95,39572.49,1233382400
2025-02-03,38932.66,38948.61,38401.82,38520.09,1692130100
2025-02-04,39078.66,39192.51,38590.96,38798.37,1442785000
2025-02-05,38979.21,39118.95,38682.18,38831.48,1511926800
2025-02-06,38977.58,39190.13,38851.51,39066.53,1546602200
2025-02-07,38907.76,39007.94,38753.2,38787.02,1486741000
2025-02-10,38736.37,38895.74,38606.32,38801.17,1346079200
2025-02-12,39049.12,39102.65,38794.24,38963.7,1754547800
2025-02-13,39225.5,39581.47,39112.17,39461.47,1303844800
2025-02-14,39419.25,39543.93,39133.94,39149.43,1329031600
2025-02-17,39094.09,39238.75,39021.23,39174.25,1113069900
2025-02-18,39187.99,39508.55,39151.71,39270.4,1159726300
2025-02-19,39230.62,39298.05,38994.7,39164.61,1242685700
2025-02-20,38942.91,38967.01,38468.72,38678.04,1252191700
2025-02-21,38523.07,38808.81,38456.53,38776.94,1300544800
2025-02-25,38359.67,38485.95,38131.79,38237.79,1329242800
2025-02-26,38143.68,38175.24,37742.76,38142.37,1207843100
2025-02-27,38251.11,38369.96,38061.94,38256.17,1215796500
2025-02-28,37853.48,37925.28,36840.12,37155.5,1916186900
2025-03-03,37617.5,37827.62,37372.26,37785.47,1158057200
2025-03-04,37532.01,37587.49,36816.16,37331.18,1381647600
2025-03-05,37345.74,37606.34,37178.72,37418.24,1309123500
2025-03-06,37654.95,37874.38,37580.88,37704.93,1377165500
2025-03-07,37198.3,37221.65,36813.62,36887.17,1367535600
2025-03-10,36972.59,37113.48,36705.02,37028.27,1098145900
2025-03-11,36584.37,36793.11,35987.13,36793.11,1536228200
2025-03-12,36763.1,36956.33,36658.86,36819.09,1287271600
2025-03-13,37081.64,37326.27,36776.94,36790.03,1193134700
2025-03-14,36606.78,37154.39,36594.04,37053.1,1348314900
2025-03-17,37453.83,37563.27,37377.55,37396.52,1203058100
2025-03-18,37868.57,38004.2,37822.87,37845.42,1334831600
2025-03-19,37839.39,38128.58,37751.88,37751.88,1168393000
2025-03-21,37619.37,37968.02,37619.37,37677.06,1817732700
2025-03-24,37841.68,37841.68,37608.49,37608.49,1016128000
2025-03-25,37953.15,38115.65,37686.26,37780.54,1072510900
2025-03-26,38106.66,38220.69,37873.28,38027.29,1170653500
2025-03-27,37750.66,37859.06,37556.75,37799.97,1399585300
2025-03-28,37357.52,37359.95,36864.93,37120.33,1332266100
2025-03-31,36440.18,36440.18,35541.72,35617.56,1683723500
2025-04-01,35961.19,36052.54,35537.86,35624.48,1233394200
2025-04-02,35751.02,35778.9,35426.33,35725.87,1287119800
2025-04-03,35041.67,35044.73,34102,34735.93,1958018100
2025-04-04,34304.66,34320.11,33259.76,33780.58,2276455800
2025-04-07,33154.97,33158.87,30792.74,31136.58,2667342800
2025-04-08,31729.11,33257.16,31703.69,33012.58,1919487400
2025-04-09,32529.23,32565.84,31258.18,31714.03,1993380800
2025-04-10,32321.21,34639.39,32320.66,34609,2016202400
2025-04-11,33951.25,33953.29,32626.58,33585.58,1825608000
2025-04-14,34006.37,34325.59,33887.7,33982.36,1188418600
2025-04-15,34349.01,34459,34266.31,34267.54,1138035400
2025-04-16,34249.82,34329.27,33658.47,33920.4,1156290100
2025-04-17,33987.01,34379.13,33931.53,34377.6,1111886400
2025-04-18,34353.88,34758.97,34224.57,34730.28,1020346200
2025-04-21,34556.23,34610.6,34216.98,34279.92,963696800
2025-04-22,34111.14,34340.57,34109.85,34220.6,993675700
2025-04-23,34787.93,35142.12,34682.28,34868.63,1333930400
2025-04-24,35194.71,35287.95,34960.65,35039.15,1371478200
2025-04-25,35387.67,35835.28,35337.98,35705.74,1347402500
2025-04-28,35962.8,36075.26,35773.49,35839.99,1324455400
2025-04-30,35946.88,36056.52,35793.33,36045.38,1671246000
2025-05-01,36197.04,36544.15,36040.05,36452.3,1315774200
2025-05-02,36636.55,36976.51,36606.58,36830.69,1410466200
2025-05-07,36903.66,36942.38,36731.39,36779.66,1562989800
2025-05-08,36863.38,36977.35,36606.71,36928.63,1372579300
2025-05-09,37332.57,37557.41,37219.03,37503.33,2013502800
2025-05-12,37697.28,37726.44,37417.39,37644.26,1428993600
2025-05-13,38149.53,38494.06,38124.2,38183.26,1773757800
2025-05-14,38199.03,38325.88,37851.8,38128.13,1520551700
2025-05-15,37832.36,37876.84,37633.36,37755.51,1348160000
2025-05-16,37748.58,37786.43,37479.21,37753.72,1281344000
2025-05-19,37572.36,37656.23,37445.93,37498.63,1076250700
2025-05-20,37723.6,37921.81,37455.7,37529.49,1257583000
2025-05-21,37590.15,37659.94,37298.98,37298.98,1212616400
2025-05-22,36931.89,37100.45,36855.83,36985.87,1108652700
2025-05-23,37161.74,37373.91,37111.63,37160.47,1052794300
2025-05-26,37209.26,37531.53,37167.01,37531.53,898568800
2025-05-27,37523.37,37769.05,37411.68,37724.11,862132300
2025-05-28,38094.79,38178.73,37709.71,37722.4,1225690100
2025-05-29,38046.97,38454.07,38035.32,38432.98,1332063600
2025-05-30,37912.49,38114.47,37748.17,37965.1,2042974600
2025-06-02,37651.18,37651.18,37320.72,37470.67,1095584100
2025-06-03,37598.31,37729.45,37446.81,37446.81,1092522000
2025-06-04,37686.66,37868.42,37672.47,37747.45,1066506600
2025-06-05,37590.39,37732.88,37527.88,37554.49,1137771800
2025-06-06,37590.44,37756.15,37590.42,37741.61,981069400
2025-06-09,38028.71,38178.01,38018.22,38088.57,856598700
2025-06-10,38278.17,38495.7,38139.1,38211.51,1060345200
2025-06-11,38431.1,38529.64,38288.28,38421.19,1093307500
2025-06-12,38324.93,38407.57,38102.05,38173.09,1045191300
2025-06-13,38130.25,38141.59,37540.2,37834.25,1434923700
2025-06-16,38056.86,38342.52,38055.52,38311.33,1047481000
2025-06-17,38366.68,38581.25,38333.35,38536.74,1035530100
2025-06-18,38364.16,38885.15,38364.16,38885.15,1100392000
2025-06-19,38858.52,38870.55,38488.34,38488.34,893298200
2025-06-20,38472.25,38646.16,38362.54,38403.23,1838788600
2025-06-23,38260.69,38368.22,38026.32,38354.09,958121400
2025-06-24,38779.18,38990.11,38665.61,38790.56,1007620100
2025-06-25,38904.18,38944.77,38711.11,38942.07,1028576000
2025-06-26,39072.14,39615.59,39056.14,39584.58,1236117200
2025-06-27,39866.36,40267.84,39847.31,40150.79,1560797500
2025-06-30,40550.79,40852.54,40322.54,40487.39,1439204500
2025-07-01,40340.64,40345.87,39885.38,39986.33,1240133500
2025-07-02,39631.17,39943.62,39444.7,39762.48,1276187700
2025-07-03,39796.75,39865.89,39667.82,39785.9,1354102700
2025-07-04,39994.64,40012.66,39693.4,39810.88,961286600
2025-07-07,39729.56,39829.38,39524.25,39587.68,934941700
2025-07-08,39542.07,39816.27,39510.48,39688.81,1363447800
2025-07-09,39942.8,39971.06,39573.34,39821.28,1289883300
2025-07-10,39795.75,39795.75,39530.95,39646.36,1293125900
2025-07-11,39886.54,39957.8,39497.7,39569.68,1159403500
2025-07-14,39416.1,39608.02,39288.9,39459.62,914646900
2025-07-15,39525.83,39678.02,39379.32,39678.02,987568500
2025-07-16,39734.74,39923.61,39520.96,39663.4,963731600
2025-07-17,39492.02,39910.96,39370.43,39901.19,1014868100
2025-07-18,40072.39,40087.59,39745.42,39819.11,919623100
2025-07-22,39864.63,40275.89,39586.53,39774.92,1120737300
2025-07-23,40189.18,41342.59,40087.86,41171.32,2210671800
2025-07-24,41657.98,42065.83,41554.18,41826.34,1494255800
2025-07-25,41760.58,41773.7,41389.79,41456.23,1174856600
2025-07-28,41515.91,41534.21,40997.87,40998.27,1065345200
2025-07-29,40767.77,40792.85,40563.53,40674.55,1010420600
2025-07-30,40744.53,40744.53,40556.61,40654.7,1237102400
2025-07-31,40693,41151.25,40639.32,41069.82,1348190600
2025-08-01,41029.84,41064.73,40588.17,40799.6,1483930600
2025-08-04,40118.81,40332.25,39850.52,40290.7,1307569200
2025-08-05,40521,40649.38,40421.88,40549.54,1452625700
2025-08-06,40430.46,40850.89,40423.13,40794.86,1455095700
2025-08-07,40668.19,41164.11,40668.19,41059.15,1540331700
2025-08-08,41283.7,42033.92,41248.05,41820.48,1832738600
2025-08-12,42098.32,42999.71,42083.58,42718.17,1761260100
2025-08-13,43090.91,43451.46,43008.2,43274.67,1540527000
2025-08-14,43129.18,43199.83,42606.73,42649.26,1277933600
2025-08-15,42866.38,43405.43,42736.86,43378.31,1345171800
2025-08-18,43452.9,43835.12,43390.22,43714.31,1242386600
2025-08-19,43846.55,43876.42,43411.97,43546.29,1170553000
2025-08-20,43400.66,43425.78,42724.15,42888.55,1166621800
2025-08-21,42783.26,42926.11,42564.3,42610.17,1030504200
2025-08-22,42629.81,42720.57,42331.39,42633.29,977568100
2025-08-25,42977.27,43201.42,42681.37,42807.82,1021530000
2025-08-26,42619.66,42703.27,42137.62,42394.4,1625793000
2025-08-27,42476.09,42628.04,42270.18,42520.27,1083674700
2025-08-28,42308.14,42828.79,42299.79,42828.79,1127077200
2025-08-29,42774.29,42807.03,42611.31,42718.47,1148556000
2025-09-01,42362.71,42454.99,41835.17,42188.79,966394700
2025-09-02,42299.63,42473.67,42084.78,42310.49,997854700
2025-09-03,42085.66,42293.54,41863.2,41938.89,1302419300
2025-09-04,42093.7,42608.8,42066.59,42580.27,1102572000
2025-09-05,42983.47,43220.94,42783.54,43018.75,1182560600
2025-09-08,43451.07,43838.6,43343.58,43643.81,1154834600
2025-09-09,43907.55,44185.73,43452.74,43459.29,1174571100
2025-09-10,43513.16,43848.77,43509.02,43837.67,1156784000
2025-09-11,43876.22,44396.95,43870.54,44372.5,1072982700
2025-09-12,44803.3,44888.02,44548.57,44768.12,1248643500
2025-09-16,44948.85,45055.38,44616.32,44902.27,1116962000
2025-09-17,44751.84,45033.34,44612.07,44790.38,1046270200
2025-09-18,44910.5,45508.67,44815.4,45303.43,1136542900
2025-09-19,45634.29,45852.75,44495.46,45045.81,2086434200
2025-09-22,45193.77,45757.74,45193.77,45493.66,1166273100
2025-09-24,45484.41,45693.28,45205.47,45630.31,1317179000
2025-09-25,45600.07,45824.69,45503.31,45754.93,1272207500
2025-09-26,45634.2,45766.77,45354.99,45354.99,1475196800
2025-09-29,45113.29,45152.7,44890.2,45043.75,1667613100
2025-09-30,45054.96,45126.23,44733.6,44932.63,1350190300
2025-10-01,44831.95,44874.42,44357.65,44550.85,1370436300
2025-10-02,44736.03,45125.96,44659.22,44936.73,1310526900
2025-10-03,45042.54,45778.66,45042.54,45769.5,1175594300
2025-10-06,46636.07,48150.04,46592.99,47944.76,1782693200
2025-10-07,48281.12,48527.33,47904.38,47950.88,1541817600
2025-10-08,47925.22,48181.12,47728.27,47734.99,1422078600
2025-10-09,48035.42,48597.08,47995.22,48580.44,1384533800
2025-10-10,48510.72,48510.72,47962.61,48088.8,1506672100
2025-10-14,47446.73,47865.65,46544.05,46847.32,1702756000
2025-10-15,47002.3,47774.83,46910.83,47672.67,1183553100
2025-10-16,48107.44,48317.34,47937.72,48277.74,1210840500
2025-10-17,47820.97,48140.9,47494.31,47582.15,1248000300
2025-10-20,48332.71,49185.5,48254.83,49185.5,1210284600
2025-10-21,49675.43,49945.95,49127.2,49316.06,1245042100
2025-10-22,49252.03,49458.28,48613.7,49307.79,1410923700
2025-10-23,48866.58,48866.58,48399.05,48641.61,1076014600
2025-10-24,49095.27,49435.31,48965.78,49299.65,1091356300
2025-10-27,49905.8,50549.6,49838.98,50512.32,1221294000
2025-10-28,50357.15,50485.8,50107.77,50219.18,1194672200
2025-10-29,50453.64,51412.97,50365.62,51307.65,1296931100
2025-10-30,51146.27,51657.28,50972.56,51325.61,2309076300
2025-10-31,51629.8,52411.34,51613.03,52411.34,1802892200
2025-11-04,52294.31,52636.87,51497.2,51497.2,1900860600
2025-11-05,51291.39,51422.42,49073.58,50212.27,2224638000
2025-11-06,50792.55,51248.28,50594.19,50883.68,1724119400
2025-11-07,50524.31,50642.79,49640.56,50276.37,1475326200
2025-11-10,50645.27,50969.5,50392.44,50911.76,1305015000
2025-11-11,51314.04,51513.16,50581.17,50842.93,1272915100
2025-11-12,50988.53,51072.26,50537.5,51063.31,1520475300
2025-11-13,51013.15,51338.89,50954.27,51281.83,1367122000
2025-11-14,50767.74,50767.74,50246.6,50376.53,1500308700
2025-11-17,50282.39,50398.16,49845.86,50323.91,1260337900
2025-11-18,49812.95,49971.55,48661.52,48702.98,1373905600
2025-11-19,48822.88,49087.11,48235.3,48537.7,1364790000
2025-11-20,49129.29,50574.82,49113.39,49823.94,1394247300
2025-11-21,49251.26,49459.59,48490.03,48625.88,2122045800
2025-11-25,49113.82,49182.32,48511.95,48659.52,1444753700
2025-11-26,49012.25,49749.59,48964.19,49559.07,1341320600
2025-11-27,49868.79,50322.14,49865.17,50167.1,993155100
2025-11-28,50218.96,50258.25,49989.54,50253.91,982305400
2025-12-01,50318.59,50366.74,49215.96,49303.28,1181700600
2025-12-02,49494.58,49636.79,49243.55,49303.45,1271358800
2025-12-03,49540.64,50138.6,49521.23,49864.68,1195178400
2025-12-04,49942.94,51028.42,49910.06,51028.42,1272810200
2025-12-05,50530.34,50634.85,50215.41,50491.87,1192919400
2025-12-08,50643.09,50678.05,50224.65,50581.94,1044054400
2025-12-09,50677.36,50793.69,50417.11,50655.1,1070605800
2025-12-10,50878.66,51107.77,50329.27,50602.8,1251160100
2025-12-11,50818.39,50875.98,49926.27,50148.82,1098954700
2025-12-12,50480.23,51127.69,50457.42,50836.55,1521946600
2025-12-15,50352.09,50432.1,49965.68,50168.11,1219361200
2025-12-16,50051.24,50051.24,49355.87,49383.29,1246101700
2025-12-17,49413.19,49571.5,49077.81,49512.28,1132378600
2025-12-18,49058.31,49169.79,48643.78,49001.5,1162229200
2025-12-19,49387.71,49766.96,49257.15,49507.21,1633287100
2025-12-22,50084.55,50590.88,49982.2,50402.39,1128787200
2025-12-23,50374.48,50544.56,50264.42,50412.87,927083900
2025-12-24,50475.48,50636.95,50323.92,50344.1,832105500
2025-12-25,50450.18,50510.11,50283.76,50407.79,583365600
2025-12-26,50527.13,50941.89,50527.13,50750.39,810984600
2025-12-29,50691.22,50707.23,50347.65,50526.92,980050600
2025-12-30,50312.85,50534.64,50198.97,50339.48,936789800
2026-01-05,51010.28,52033.24,50995.67,51832.8,1393794900
2026-01-06,52157.22,52523.77,52024.62,52518.08,1518979800
2026-01-07,52144.64,52404.11,51830.4,51961.98,1386399400
2026-01-08,51769.83,51866.19,51052.83,51117.26,1353728300
2026-01-09,51367.98,51986.91,51189.14,51939.89,1331368200
2026-01-13,52808.29,53814.79,52741.64,53549.16,1684964500
2026-01-14,53827.24,54487.32,53792.68,54341.23,1444984700
2026-01-15,54039.4,54153.61,53709.87,54110.5,1509184300
2026-01-16,54071.28,54130.6,53706.79,53936.17,1442586100
2026-01-19,53390.05,53583.57,53091.45,53583.57,1229441900
2026-01-20,53348.59,53408.35,52852.9,52991.1,1268098200
2026-01-21,52228.08,52848.78,52194.81,52774.64,1390160200
2026-01-22,53327.39,53922.53,53242.38,53688.89,1508678800
2026-01-23,53898.45,54050.84,53603.68,53846.87,1294788100
2026-01-26,53023.28,53138.67,52656,52885.25,1383425200
2026-01-27,52847.54,53334.03,52637.66,53333.54,1367418500
2026-01-28,53023.88,53507.18,52788.1,53358.71,1497559300
2026-01-29,53301.26,53742.69,52990.42,53375.6,1544530100
2026-01-30,53434.73,53590.24,52923.12,53322.85,1567501100
2026-02-02,53575.37,54247.15,52655.18,52655.18,1537609100
2026-02-03,53332.18,54782.83,53307.74,54720.66,1568928100
2026-02-04,54250.41,54459.41,53965.51,54293.36,1863178900
2026-02-05,54289.05,54459.08,53653.06,53818.04,2131762200
2026-02-06,53435.37,54253.68,52950.15,54253.68,1888829100
2026-02-09,55130.63,57337.07,55018.57,56363.94,2049816300
2026-02-10,56812.01,57960.19,56812.01,57650.54,1914595900
2026-02-12,57864.74,58015.08,57554.49,57639.84,1900123100
2026-02-13,57197.33,57407.25,56652.48,56941.97,2100178600
2026-02-16,57212.97,57219.2,56748.18,56806.41,1373723300
2026-02-17,56819.37,56926.24,56135.12,56566.49,1325786600
2026-02-18,56734.27,57392.89,56734.27,57143.84,1300670900
2026-02-19,57472.08,57709.82,57362.01,57467.83,1355298600
2026-02-20,56979.74,56979.74,56680.88,56825.7,1523555300
2026-02-24,56764.14,57421.67,56732.93,57321.09,1578443400
2026-02-25,57695.4,58875.17,57656.5,58583.12,1671204700
2026-02-26,58995.39,59332.43,58577.84,58753.39,1553073100
2026-02-27,58606.03,58924.17,58130.57,58850.27,1924111600
2026-03-02,57976.2,58365.21,57285.77,58057.24,1624231700
2026-03-03,57729.8,57890.76,56091.54,56279.05,1789660100
2026-03-04,55470.88,55701.27,53618.2,54245.54,2139806100
2026-03-05,55204.16,56619.98,54910.33,55278.06,1849397800
2026-03-06,54674.6,55686.56,54513.43,55620.84,1428428600
2026-03-09,54608.63,54608.63,51407.66,52728.72,2194311300
2026-03-10,53524.09,54694.89,53487.19,54248.39,1624955300
2026-03-11,54917.93,55745.38,54882.58,55025.37,1468507600
2026-03-12,54387.9,54733.08,53796.01,54452.96,1540900600
2026-03-13,53587.3,54065.31,53286.69,53819.61,1689823600
2026-03-16,53627.86,53983.51,53113.95,53751.15,1287599600
2026-03-17,54286.26,54388.43,53482.59,53700.39,1177984100
2026-03-18,54148.84,55239.4,54148.84,55239.4,1366500700
2026-03-19,54287.8,54333.02,53190.18,53372.53,2005972600
2026-03-23,52468.72,52479.81,50688.76,51515.49,1771147400
2026-03-24,52380.6,52701.99,51645.15,52252.28,1318322100
2026-03-25,53015.8,54022.88,53015.8,53749.62,1337227400
2026-03-26,53855.13,54175.8,53176.77,53603.65,1245205500
2026-03-27,53239.59,53714.9,52516.92,53373.07,1704895300
2026-03-30,52054.68,52054.68,50566.99,51885.85,1830790800
2026-03-31,51382.53,52169.01,50558.91,51063.72,1744520300
2026-04-01,51959.47,53739.68,51902.84,53739.68,1658770400
2026-04-02,54066.83,54258.48,52273.07,52463.27,1631730800
2026-04-03,53039.4,53426.31,52925.1,53123.49,1041491700
2026-04-06,53205.93,54039.34,53205.93,53413.68,1024574800
2026-04-07,53571.28,53916.35,53156.94,53429.56,1188332300
2026-04-08,54386.65,56424.63,54380.02,56308.42,1866639300
2026-04-09,56199.86,56406.49,55763.05,55895.32,1547404000
2026-04-10,56265.77,57012.77,56251.18,56924.11,1649516600
2026-04-13,56421.46,56765.72,56232.78,56502.77,1353490300
2026-04-14,57085.65,57979.82,57010.18,57877.39,1436742600
2026-04-15,58265.18,58585.95,58028.75,58134.24,1609911700
2026-04-16,58479.83,59688.1,58428.19,59518.34,1502817800
2026-04-17,59255.09,59381.25,58475.9,58475.9,1399948700
2026-04-20,58821.16,59169.13,58687.96,58824.89,1214767600
2026-04-21,59031.51,59611.91,59004.76,59349.17,1294916700
2026-04-22,59104.11,59708.21,59005.48,59585.86,1457450900
2026-04-23,59758.64,60013.98,58621.48,59140.23,1653037000
2026-04-24,59407.44,59763.68,59225.37,59716.18,1414166700
2026-04-27,59880.71,60903.95,59608.63,60537.36,1488584700
2026-04-28,60531.78,60634.66,59701.84,59917.46,1745036600
2026-04-30,59484.71,59560.57,58928.2,59284.92,2015819000
